__pyx_f_7sklearn_9neighbors_9ball_tree_10BinaryTree__recursive_build,__ieee754_pow_sse2,__exp1,__pyx_f_7sklearn_9neighbors_12dist_metrics_17ManhattanDistance_dist,pow,__pyx_f_7sklearn_9neighbors_7kd_tree_10BinaryTree__recursive_build,pairwise_sum_DOUBLE,signature
6.3343,,,,,,,64.0
9.1502,,,,,,,64.0
,30.1677,20.1657,,,,,48.0
49.8068,,,12.7809,,,,72.0
63.7152,,,,,,,64.0
7.4624,46.5315,31.252,,,,,112.0
78.4755,,,14.4513,,,,72.0
93.9026,,,,,,,64.0
11.9749,44.881,30.5548,,,,,112.0
33.599,,,12.8145,,,,72.0
46.1122,,,,,,,64.0
,48.484,30.8273,,,,,48.0
78.0156,,,13.4319,,,,72.0
91.7138,,,,,,,64.0
11.0202,46.4105,29.9119,,,,,112.0
72.2352,,,15.4668,,,,72.0
87.618,,,,,,,64.0
8.9789,48.5526,30.3914,,,,,112.0
6.3833,,,,,,,64.0
8.877,,,,,,,64.0
,29.6234,20.7572,,,,,48.0
52.2817,,,13.5033,,,,72.0
63.6522,,,,,,,64.0
7.4261,45.3196,31.2443,,5.6123,,,116.0
78.4812,,,14.4792,,,,72.0
93.9047,,,,,,,64.0
12.1007,44.8035,30.6717,,,,,112.0
33.3592,,,12.7534,,,,72.0
46.0613,,,,,,,64.0
,48.4031,30.8181,,,,,48.0
78.0921,,,13.5825,,,,72.0
91.8578,,,,,,,64.0
11.1042,47.3686,29.2948,,,,,112.0
73.0536,,,15.1061,,,,72.0
88.5257,,,,,,,64.0
9.1986,47.9825,30.2528,,,,,112.0
,,,,,7.6356,,2.0
,,,,,7.4367,,2.0
,,,,,7.6462,,2.0
,,,,,59.5115,,2.0
,,,,,59.5299,,2.0
,,,,,57.1643,,2.0
,,,,,92.7468,,2.0
,,,,,92.9383,,2.0
,,,,,88.436,,2.0
,,,,,41.2934,,2.0
,,,,,40.8597,,2.0
,,,,,40.8088,,2.0
,,,,,91.0454,,2.0
,,,,,91.2079,,2.0
,,,,,90.3013,,2.0
,,,,,87.0446,,2.0
,,,,,86.8946,,2.0
,,,,,86.9755,,2.0
,,,,,7.4786,,2.0
,,,,,7.3239,,2.0
,,,,,7.3922,,2.0
,,,,,59.53,,2.0
,,,,,59.6841,,2.0
,,,,,56.852,,2.0
,,,,,93.0716,,2.0
,,,,,92.9808,,2.0
,,,,,88.6019,,2.0
,,,,,40.6245,,2.0
,,,,,40.9595,,2.0
,,,,,40.6186,,2.0
,,,,,91.1578,,2.0
,,,,,91.0711,,2.0
,,,,,90.528,,2.0
,,,,,87.0752,,2.0
,,,,,87.2916,,2.0
,,,,,87.0226,,2.0
,,,,,,,0.0
,,,,,,,0.0
,,,,,,,0.0
,,,,,,,0.0
,,,,,,,0.0
,,,,,,,0.0
,,,,,,14.0123,1.0
,,,,,,14.2235,1.0
,,,,,,14.1527,1.0
,,,,,,,0.0
,,,,,,,0.0
,,,,,,,0.0
,,,,,,14.9224,1.0
,,,,,,15.665,1.0
,,,,,,15.1367,1.0
,,,,,,15.6465,1.0
,,,,,,15.7317,1.0
,,,,,,15.683,1.0
,,,,,,,0.0
,,,,,,,0.0
,,,,,,,0.0
,,,,,,,0.0
,,,,,,,0.0
,,,,,,,0.0
,,,,,,14.009,1.0
,,,,,,14.1747,1.0
,,,,,,14.1265,1.0
,,,,,,,0.0
,,,,,,,0.0
,,,,,,,0.0
,,,,,,15.1164,1.0
,,,,,,14.9301,1.0
,,,,,,15.124,1.0
,,,,,,15.9213,1.0
,,,,,,15.7766,1.0
,,,,,,14.7466,1.0
